{"cameraMode":{"drawMode":0,"name":"Shaded","section":"Shading Mode"},"sceneLighting":true,"audioPlay":false,"sceneViewState":{"m_AlwaysRefresh":false,"showFog":true,"showSkybox":true,"showFlares":true,"showImageEffects":true,"showParticleSystems":true,"showVisualEffectGraphs":true,"m_FxEnabled":false},"in2DMode":false,"pivot":{"x":-0.07212310284376145,"y":15.760932922363282,"z":152.35850524902345},"rotation":{"x":0.05216331034898758,"y":-0.020370861515402795,"z":0.0010640401160344482,"w":0.9984340071678162},"size":54.36249542236328,"orthographic":false}